q_id,topic,query,responses,,,,,,,,,,,,,,,,,,,,,,,,,,,,,,,,,,,,,,,,,,,,,,,,,,,,,,,,,,,,,,,,,,,,,,,,,,,,,,,,,,,,,,,,,,,,,,,,,,,,,,,,,,,,,,,,,,,,,,,,,,,,,,,,,
1,REELECTION OF MPS,How many MPs got reelected in 2019?,294 MPs got reelected in 2019.,,,,,,,,,,,,,,,,,,,,,,,,,,,,,,,,,,,,,,,,,,,,,,,,,,,,,,,,,,,,,,,,,,,,,,,,,,,,,,,,,,,,,,,,,,,,,,,,,,,,,,,,,,,,,,,,,,,,,,,,,,,,,,,,,
2,REELECTION OF MPS,How many MPs got reelected in 2014?,236 MPs got reelected in 2014.,,,,,,,,,,,,,,,,,,,,,,,,,,,,,,,,,,,,,,,,,,,,,,,,,,,,,,,,,,,,,,,,,,,,,,,,,,,,,,,,,,,,,,,,,,,,,,,,,,,,,,,,,,,,,,,,,,,,,,,,,,,,,,,,,
3,REELECTION OF MPS,How many MPs got reelected in the last five Assembly Elections?,7 MPs got reelected in the last five Assembly Elections.,,,,,,,,,,,,,,,,,,,,,,,,,,,,,,,,,,,,,,,,,,,,,,,,,,,,,,,,,,,,,,,,,,,,,,,,,,,,,,,,,,,,,,,,,,,,,,,,,,,,,,,,,,,,,,,,,,,,,,,,,,,,,,,,,
4,REELECTION OF MPS,How many MPs got reelected in the last ten Assembly Elections?,7 MPs got reelected in the last ten Assembly Elections.,,,,,,,,,,,,,,,,,,,,,,,,,,,,,,,,,,,,,,,,,,,,,,,,,,,,,,,,,,,,,,,,,,,,,,,,,,,,,,,,,,,,,,,,,,,,,,,,,,,,,,,,,,,,,,,,,,,,,,,,,,,,,,,,,
5,REELECTION OF MPS,How many MPs of SP got reelected in 2014?,4 MPs of SP got reelected in 2014.,,,,,,,,,,,,,,,,,,,,,,,,,,,,,,,,,,,,,,,,,,,,,,,,,,,,,,,,,,,,,,,,,,,,,,,,,,,,,,,,,,,,,,,,,,,,,,,,,,,,,,,,,,,,,,,,,,,,,,,,,,,,,,,,,
6,REELECTION OF MPS,How many MPs of SP got reelected in 2019?,3,,,,,,,,,,,,,,,,,,,,,,,,,,,,,,,,,,,,,,,,,,,,,,,,,,,,,,,,,,,,,,,,,,,,,,,,,,,,,,,,,,,,,,,,,,,,,,,,,,,,,,,,,,,,,,,,,,,,,,,,,,,,,,,,,
7,REELECTION OF MPS,How many MPs of SP got reelected in the last five elections?,0 MPs of SP got reelected in the last five elections.,,,,,,,,,,,,,,,,,,,,,,,,,,,,,,,,,,,,,,,,,,,,,,,,,,,,,,,,,,,,,,,,,,,,,,,,,,,,,,,,,,,,,,,,,,,,,,,,,,,,,,,,,,,,,,,,,,,,,,,,,,,,,,,,,
8,REELECTION OF MPS,How many MPs of BSP got reelected in 2014?,0,,,,,,,,,,,,,,,,,,,,,,,,,,,,,,,,,,,,,,,,,,,,,,,,,,,,,,,,,,,,,,,,,,,,,,,,,,,,,,,,,,,,,,,,,,,,,,,,,,,,,,,,,,,,,,,,,,,,,,,,,,,,,,,,,
9,REELECTION OF MPS,How many MPs of BSP got reelected in 2019?,3,,,,,,,,,,,,,,,,,,,,,,,,,,,,,,,,,,,,,,,,,,,,,,,,,,,,,,,,,,,,,,,,,,,,,,,,,,,,,,,,,,,,,,,,,,,,,,,,,,,,,,,,,,,,,,,,,,,,,,,,,,,,,,,,,
10,REELECTION OF MPS,How many MPs of BSP got reelected in the last five elections?,0 MPs of BSP got reelected in the last five elections.,,,,,,,,,,,,,,,,,,,,,,,,,,,,,,,,,,,,,,,,,,,,,,,,,,,,,,,,,,,,,,,,,,,,,,,,,,,,,,,,,,,,,,,,,,,,,,,,,,,,,,,,,,,,,,,,,,,,,,,,,,,,,,,,,
11,REELECTION OF MPS,How many MPs of BJP got reelected in 2014?,122 MPs of BJP got reelected in 2014.,,,,,,,,,,,,,,,,,,,,,,,,,,,,,,,,,,,,,,,,,,,,,,,,,,,,,,,,,,,,,,,,,,,,,,,,,,,,,,,,,,,,,,,,,,,,,,,,,,,,,,,,,,,,,,,,,,,,,,,,,,,,,,,,,
12,REELECTION OF MPS,How many MPs of BJP got reelected in 2019?,177 MPs of BJP got reelected in 2019.,,,,,,,,,,,,,,,,,,,,,,,,,,,,,,,,,,,,,,,,,,,,,,,,,,,,,,,,,,,,,,,,,,,,,,,,,,,,,,,,,,,,,,,,,,,,,,,,,,,,,,,,,,,,,,,,,,,,,,,,,,,,,,,,,
13,REELECTION OF MPS,How many MPs of BJP got reelected in the last five elections?,1 MP of BJP got reelected in the last five elections.,,,,,,,,,,,,,,,,,,,,,,,,,,,,,,,,,,,,,,,,,,,,,,,,,,,,,,,,,,,,,,,,,,,,,,,,,,,,,,,,,,,,,,,,,,,,,,,,,,,,,,,,,,,,,,,,,,,,,,,,,,,,,,,,,
14,REELECTION OF MPS,How many MPs of Congress got reelected in 2014?,34 MPs of Congress got reelected in 2014.,,,,,,,,,,,,,,,,,,,,,,,,,,,,,,,,,,,,,,,,,,,,,,,,,,,,,,,,,,,,,,,,,,,,,,,,,,,,,,,,,,,,,,,,,,,,,,,,,,,,,,,,,,,,,,,,,,,,,,,,,,,,,,,,,
15,REELECTION OF MPS,How many MPs of Congress got reelected in 2019?,26,,,,,,,,,,,,,,,,,,,,,,,,,,,,,,,,,,,,,,,,,,,,,,,,,,,,,,,,,,,,,,,,,,,,,,,,,,,,,,,,,,,,,,,,,,,,,,,,,,,,,,,,,,,,,,,,,,,,,,,,,,,,,,,,,
16,REELECTION OF MPS,How many MPs of Congress got reelected in the last five elections?,4 MPs of Congress got reelected in the last five elections.,,,,,,,,,,,,,,,,,,,,,,,,,,,,,,,,,,,,,,,,,,,,,,,,,,,,,,,,,,,,,,,,,,,,,,,,,,,,,,,,,,,,,,,,,,,,,,,,,,,,,,,,,,,,,,,,,,,,,,,,,,,,,,,,,
17,REELECTION OF MPS,How many independent MPs got reelected in 2014?,0,,,,,,,,,,,,,,,,,,,,,,,,,,,,,,,,,,,,,,,,,,,,,,,,,,,,,,,,,,,,,,,,,,,,,,,,,,,,,,,,,,,,,,,,,,,,,,,,,,,,,,,,,,,,,,,,,,,,,,,,,,,,,,,,,
18,REELECTION OF MPS,How many independent MPs got reelected in 2019?,3,,,,,,,,,,,,,,,,,,,,,,,,,,,,,,,,,,,,,,,,,,,,,,,,,,,,,,,,,,,,,,,,,,,,,,,,,,,,,,,,,,,,,,,,,,,,,,,,,,,,,,,,,,,,,,,,,,,,,,,,,,,,,,,,,
19,REELECTION OF MPS,How many independent MPs got reelected in the last five elections?,0,,,,,,,,,,,,,,,,,,,,,,,,,,,,,,,,,,,,,,,,,,,,,,,,,,,,,,,,,,,,,,,,,,,,,,,,,,,,,,,,,,,,,,,,,,,,,,,,,,,,,,,,,,,,,,,,,,,,,,,,,,,,,,,,,
20,REELECTION OF MPS,How many MPs of TMC got reelected in 2014?,0,,,,,,,,,,,,,,,,,,,,,,,,,,,,,,,,,,,,,,,,,,,,,,,,,,,,,,,,,,,,,,,,,,,,,,,,,,,,,,,,,,,,,,,,,,,,,,,,,,,,,,,,,,,,,,,,,,,,,,,,,,,,,,,,,
21,REELECTION OF MPS,How many MPs of TMC  got reelected in 2019?,0 MPs of TMC got reelected in 2019.,,,,,,,,,,,,,,,,,,,,,,,,,,,,,,,,,,,,,,,,,,,,,,,,,,,,,,,,,,,,,,,,,,,,,,,,,,,,,,,,,,,,,,,,,,,,,,,,,,,,,,,,,,,,,,,,,,,,,,,,,,,,,,,,,
22,REELECTION OF MPS,How many MPs of TMC got reelected in the last five elections?,0 MPs of TMC got reelected in the last five elections.,,,,,,,,,,,,,,,,,,,,,,,,,,,,,,,,,,,,,,,,,,,,,,,,,,,,,,,,,,,,,,,,,,,,,,,,,,,,,,,,,,,,,,,,,,,,,,,,,,,,,,,,,,,,,,,,,,,,,,,,,,,,,,,,,
23,REELECTION OF MPS,How many MPs of CPI got reelected in 2014?,1 MP of CPI got reelected in 2014.,,,,,,,,,,,,,,,,,,,,,,,,,,,,,,,,,,,,,,,,,,,,,,,,,,,,,,,,,,,,,,,,,,,,,,,,,,,,,,,,,,,,,,,,,,,,,,,,,,,,,,,,,,,,,,,,,,,,,,,,,,,,,,,,,
24,REELECTION OF MPS,How many MPs of CPI got reelected in 2019?,1 MP of CPI got reelected in 2019.,,,,,,,,,,,,,,,,,,,,,,,,,,,,,,,,,,,,,,,,,,,,,,,,,,,,,,,,,,,,,,,,,,,,,,,,,,,,,,,,,,,,,,,,,,,,,,,,,,,,,,,,,,,,,,,,,,,,,,,,,,,,,,,,,
25,REELECTION OF MPS,How many MPs of CPI got reelected in the last five elections?,0 MPs of CPI got reelected in the last five elections.,,,,,,,,,,,,,,,,,,,,,,,,,,,,,,,,,,,,,,,,,,,,,,,,,,,,,,,,,,,,,,,,,,,,,,,,,,,,,,,,,,,,,,,,,,,,,,,,,,,,,,,,,,,,,,,,,,,,,,,,,,,,,,,,,
26,MAXIMUM MARGIN,How many MP won with more than one lakh votes in 2019 election?,539 MP won with more than one lakh votes in the 2019 election.,,,,,,,,,,,,,,,,,,,,,,,,,,,,,,,,,,,,,,,,,,,,,,,,,,,,,,,,,,,,,,,,,,,,,,,,,,,,,,,,,,,,,,,,,,,,,,,,,,,,,,,,,,,,,,,,,,,,,,,,,,,,,,,,,
27,MAXIMUM MARGIN,How many MP won with more than one lakh votes in 2014 election?,543 MP won with more than one lakh votes in the 2014 election.,,,,,,,,,,,,,,,,,,,,,,,,,,,,,,,,,,,,,,,,,,,,,,,,,,,,,,,,,,,,,,,,,,,,,,,,,,,,,,,,,,,,,,,,,,,,,,,,,,,,,,,,,,,,,,,,,,,,,,,,,,,,,,,,,
28,MAXIMUM MARGIN,How many MP won with more than Fifty thousand votes in 2019 election?,541 MP won with more than Fifty thousand votes in the 2019 election.,,,,,,,,,,,,,,,,,,,,,,,,,,,,,,,,,,,,,,,,,,,,,,,,,,,,,,,,,,,,,,,,,,,,,,,,,,,,,,,,,,,,,,,,,,,,,,,,,,,,,,,,,,,,,,,,,,,,,,,,,,,,,,,,,
29,MAXIMUM MARGIN,How many MP won with more than Fifty thousand votes in 2014 election?,545 MP won with more than Fifty thousand votes in the 2014 election.,,,,,,,,,,,,,,,,,,,,,,,,,,,,,,,,,,,,,,,,,,,,,,,,,,,,,,,,,,,,,,,,,,,,,,,,,,,,,,,,,,,,,,,,,,,,,,,,,,,,,,,,,,,,,,,,,,,,,,,,,,,,,,,,,
30,MAXIMUM MARGIN,How many MP won with more than Twenty Five thousand votes in 2019 election?,544 MP won with more than Twenty Five thousand votes in the 2019 election.,,,,,,,,,,,,,,,,,,,,,,,,,,,,,,,,,,,,,,,,,,,,,,,,,,,,,,,,,,,,,,,,,,,,,,,,,,,,,,,,,,,,,,,,,,,,,,,,,,,,,,,,,,,,,,,,,,,,,,,,,,,,,,,,,
31,MAXIMUM MARGIN,How many MP won with more than Twenty Five thousand votes in 2014 election?,547 MP won with more than Twenty Five thousand votes in the 2014 election.,,,,,,,,,,,,,,,,,,,,,,,,,,,,,,,,,,,,,,,,,,,,,,,,,,,,,,,,,,,,,,,,,,,,,,,,,,,,,,,,,,,,,,,,,,,,,,,,,,,,,,,,,,,,,,,,,,,,,,,,,,,,,,,,,
32,MAXIMUM MARGIN,Who registered the highest victory margin in the 2019 election?,C. R. Patil registered the highest victory margin in the 2019 election with a margin of 689,668 votes.,,,,,,,,,,,,,,,,,,,,,,,,,,,,,,,,,,,,,,,,,,,,,,,,,,,,,,,,,,,,,,,,,,,,,,,,,,,,,,,,,,,,,,,,,,,,,,,,,,,,,,,,,,,,,,,,,,,,,,,,,,,,,,,,
33,MAXIMUM MARGIN,Who registered the highest victory margin in the 2014 election?,Munde Pritam registered the highest victory margin in the 2014 election with a margin of 696,321 votes.,,,,,,,,,,,,,,,,,,,,,,,,,,,,,,,,,,,,,,,,,,,,,,,,,,,,,,,,,,,,,,,,,,,,,,,,,,,,,,,,,,,,,,,,,,,,,,,,,,,,,,,,,,,,,,,,,,,,,,,,,,,,,,,,
34,MAXIMUM MARGIN,Who registered the highest victory margin in the last five elections?,JYOTIRADITYA MADHAVRAO SCINDIA registered the highest victory margin in the last five elections with a margin of 406,568 votes.,,,,,,,,,,,,,,,,,,,,,,,,,,,,,,,,,,,,,,,,,,,,,,,,,,,,,,,,,,,,,,,,,,,,,,,,,,,,,,,,,,,,,,,,,,,,,,,,,,,,,,,,,,,,,,,,,,,,,,,,,,,,,,,,
35,MAXIMUM MARGIN,How many MP of BJP have victory margin over ten thousand votes in 2019 election?,There were 293 MPs of BJP who had a victory margin over ten thousand votes in the 2019 election.,,,,,,,,,,,,,,,,,,,,,,,,,,,,,,,,,,,,,,,,,,,,,,,,,,,,,,,,,,,,,,,,,,,,,,,,,,,,,,,,,,,,,,,,,,,,,,,,,,,,,,,,,,,,,,,,,,,,,,,,,,,,,,,,,
36,MAXIMUM MARGIN,How many MP of TMC have victory margin over ten thousand votes in 2019 election?,0,,,,,,,,,,,,,,,,,,,,,,,,,,,,,,,,,,,,,,,,,,,,,,,,,,,,,,,,,,,,,,,,,,,,,,,,,,,,,,,,,,,,,,,,,,,,,,,,,,,,,,,,,,,,,,,,,,,,,,,,,,,,,,,,,
37,MAXIMUM MARGIN,How many MP of Congress have victory margin over ten thousand votes in 2019 election?,47 MP of Congress have victory margin over ten thousand votes in the 2019 election.,,,,,,,,,,,,,,,,,,,,,,,,,,,,,,,,,,,,,,,,,,,,,,,,,,,,,,,,,,,,,,,,,,,,,,,,,,,,,,,,,,,,,,,,,,,,,,,,,,,,,,,,,,,,,,,,,,,,,,,,,,,,,,,,,
38,MAXIMUM MARGIN,How many MP of CPI have victory margin over ten thousand votes in 2019 election?,2,,,,,,,,,,,,,,,,,,,,,,,,,,,,,,,,,,,,,,,,,,,,,,,,,,,,,,,,,,,,,,,,,,,,,,,,,,,,,,,,,,,,,,,,,,,,,,,,,,,,,,,,,,,,,,,,,,,,,,,,,,,,,,,,,
39,MAXIMUM MARGIN,How many MP of BSP have victory margin over ten thousand votes in 2019 election?,9,,,,,,,,,,,,,,,,,,,,,,,,,,,,,,,,,,,,,,,,,,,,,,,,,,,,,,,,,,,,,,,,,,,,,,,,,,,,,,,,,,,,,,,,,,,,,,,,,,,,,,,,,,,,,,,,,,,,,,,,,,,,,,,,,
40,MAXIMUM MARGIN,How many MP of SP have victory margin over ten thousand votes in 2019 election?,5,,,,,,,,,,,,,,,,,,,,,,,,,,,,,,,,,,,,,,,,,,,,,,,,,,,,,,,,,,,,,,,,,,,,,,,,,,,,,,,,,,,,,,,,,,,,,,,,,,,,,,,,,,,,,,,,,,,,,,,,,,,,,,,,,
41,MAXIMUM MARGIN,How many MP of BJP have victory margin over ten thousand votes in 2014 election?,275 MP of BJP have victory margin over ten thousand votes in the 2014 election.,,,,,,,,,,,,,,,,,,,,,,,,,,,,,,,,,,,,,,,,,,,,,,,,,,,,,,,,,,,,,,,,,,,,,,,,,,,,,,,,,,,,,,,,,,,,,,,,,,,,,,,,,,,,,,,,,,,,,,,,,,,,,,,,,
42,MAXIMUM MARGIN,How many MP of Congress have victory margin over ten thousand votes in 2014 election?,37 MP of Congress have victory margin over ten thousand votes in the 2014 election.,,,,,,,,,,,,,,,,,,,,,,,,,,,,,,,,,,,,,,,,,,,,,,,,,,,,,,,,,,,,,,,,,,,,,,,,,,,,,,,,,,,,,,,,,,,,,,,,,,,,,,,,,,,,,,,,,,,,,,,,,,,,,,,,,
43,MAXIMUM MARGIN,How many MP of BSP have victory margin over ten thousand votes in 2014 election?,0,,,,,,,,,,,,,,,,,,,,,,,,,,,,,,,,,,,,,,,,,,,,,,,,,,,,,,,,,,,,,,,,,,,,,,,,,,,,,,,,,,,,,,,,,,,,,,,,,,,,,,,,,,,,,,,,,,,,,,,,,,,,,,,,,
44,MAXIMUM MARGIN,How many MP of SP have victory margin over ten thousand votes in 2014 election?,6,,,,,,,,,,,,,,,,,,,,,,,,,,,,,,,,,,,,,,,,,,,,,,,,,,,,,,,,,,,,,,,,,,,,,,,,,,,,,,,,,,,,,,,,,,,,,,,,,,,,,,,,,,,,,,,,,,,,,,,,,,,,,,,,,
45,MINIMUM MARGIN,How many MP lost with less than hundred votes in 2019 election?,1 MP lost with less than hundred votes in the 2019 election.,,,,,,,,,,,,,,,,,,,,,,,,,,,,,,,,,,,,,,,,,,,,,,,,,,,,,,,,,,,,,,,,,,,,,,,,,,,,,,,,,,,,,,,,,,,,,,,,,,,,,,,,,,,,,,,,,,,,,,,,,,,,,,,,,
46,MINIMUM MARGIN,How many MP lost with less than hundred votes in 2014 election?,0 MP lost with less than hundred votes in the 2014 election.,,,,,,,,,,,,,,,,,,,,,,,,,,,,,,,,,,,,,,,,,,,,,,,,,,,,,,,,,,,,,,,,,,,,,,,,,,,,,,,,,,,,,,,,,,,,,,,,,,,,,,,,,,,,,,,,,,,,,,,,,,,,,,,,,
47,MINIMUM MARGIN,How many MP lost with less than five hundred votes in 2019 election?,582 MP lost with less than five hundred votes in the 2019 election.,,,,,,,,,,,,,,,,,,,,,,,,,,,,,,,,,,,,,,,,,,,,,,,,,,,,,,,,,,,,,,,,,,,,,,,,,,,,,,,,,,,,,,,,,,,,,,,,,,,,,,,,,,,,,,,,,,,,,,,,,,,,,,,,,
48,MINIMUM MARGIN,How many MP lost with less than five hundred votes in 2014 election?,301 MP lost with less than five hundred votes in the 2014 election.,,,,,,,,,,,,,,,,,,,,,,,,,,,,,,,,,,,,,,,,,,,,,,,,,,,,,,,,,,,,,,,,,,,,,,,,,,,,,,,,,,,,,,,,,,,,,,,,,,,,,,,,,,,,,,,,,,,,,,,,,,,,,,,,,
49,MINIMUM MARGIN,How many MP lost with less than one thousand votes in 2019 election?,1579 MP lost with less than one thousand votes in the 2019 election.,,,,,,,,,,,,,,,,,,,,,,,,,,,,,,,,,,,,,,,,,,,,,,,,,,,,,,,,,,,,,,,,,,,,,,,,,,,,,,,,,,,,,,,,,,,,,,,,,,,,,,,,,,,,,,,,,,,,,,,,,,,,,,,,,
50,MINIMUM MARGIN,How many MP lost with less than one thousand votes in 2014 election?,1120 MP lost with less than one thousand votes in the 2014 election.,,,,,,,,,,,,,,,,,,,,,,,,,,,,,,,,,,,,,,,,,,,,,,,,,,,,,,,,,,,,,,,,,,,,,,,,,,,,,,,,,,,,,,,,,,,,,,,,,,,,,,,,,,,,,,,,,,,,,,,,,,,,,,,,,
51,MINIMUM MARGIN,How many MP lost with less than five thousand votes in 2019 election?,5120 MP lost with less than five thousand votes in the 2019 election.,,,,,,,,,,,,,,,,,,,,,,,,,,,,,,,,,,,,,,,,,,,,,,,,,,,,,,,,,,,,,,,,,,,,,,,,,,,,,,,,,,,,,,,,,,,,,,,,,,,,,,,,,,,,,,,,,,,,,,,,,,,,,,,,,
52,MINIMUM MARGIN,How many MP lost with less than five thousand votes in 2014 election?,4645 MP lost with less than five thousand votes in the 2014 election.,,,,,,,,,,,,,,,,,,,,,,,,,,,,,,,,,,,,,,,,,,,,,,,,,,,,,,,,,,,,,,,,,,,,,,,,,,,,,,,,,,,,,,,,,,,,,,,,,,,,,,,,,,,,,,,,,,,,,,,,,,,,,,,,,
53,MINIMUM MARGIN,Who registered the lowest victory margin in the 2019 election?,Bholanath (B.P. Saroj) registered the lowest victory margin in the 2019 election with a margin of 181 votes.,,,,,,,,,,,,,,,,,,,,,,,,,,,,,,,,,,,,,,,,,,,,,,,,,,,,,,,,,,,,,,,,,,,,,,,,,,,,,,,,,,,,,,,,,,,,,,,,,,,,,,,,,,,,,,,,,,,,,,,,,,,,,,,,,
54,MINIMUM MARGIN,Who registered the lowest victory margin in the 2014 election?,THUPSTAN CHHEWANG registered the lowest victory margin in the 2014 election with a margin of 36.,,,,,,,,,,,,,,,,,,,,,,,,,,,,,,,,,,,,,,,,,,,,,,,,,,,,,,,,,,,,,,,,,,,,,,,,,,,,,,,,,,,,,,,,,,,,,,,,,,,,,,,,,,,,,,,,,,,,,,,,,,,,,,,,,
55,MINIMUM MARGIN,Who registered the lowest victory margin in the last five elections?,Dimple Yadav registered the lowest victory margin in the last five elections with a margin of 0.,,,,,,,,,,,,,,,,,,,,,,,,,,,,,,,,,,,,,,,,,,,,,,,,,,,,,,,,,,,,,,,,,,,,,,,,,,,,,,,,,,,,,,,,,,,,,,,,,,,,,,,,,,,,,,,,,,,,,,,,,,,,,,,,,
56,MINIMUM MARGIN,How many MP of BJP have victory margin less than five thousand votes in 2019 election?,5,,,,,,,,,,,,,,,,,,,,,,,,,,,,,,,,,,,,,,,,,,,,,,,,,,,,,,,,,,,,,,,,,,,,,,,,,,,,,,,,,,,,,,,,,,,,,,,,,,,,,,,,,,,,,,,,,,,,,,,,,,,,,,,,,
57,MINIMUM MARGIN,How many MP of TMC have victory margin less than five thousand votes in 2019 election?,0,,,,,,,,,,,,,,,,,,,,,,,,,,,,,,,,,,,,,,,,,,,,,,,,,,,,,,,,,,,,,,,,,,,,,,,,,,,,,,,,,,,,,,,,,,,,,,,,,,,,,,,,,,,,,,,,,,,,,,,,,,,,,,,,,
58,MINIMUM MARGIN,How many MP of Congress have victory margin less than five thousand votes in 2019 election?,2,,,,,,,,,,,,,,,,,,,,,,,,,,,,,,,,,,,,,,,,,,,,,,,,,,,,,,,,,,,,,,,,,,,,,,,,,,,,,,,,,,,,,,,,,,,,,,,,,,,,,,,,,,,,,,,,,,,,,,,,,,,,,,,,,
59,MINIMUM MARGIN,How many MP of BSP have victory margin less than five thousand votes in 2019 election?,0,,,,,,,,,,,,,,,,,,,,,,,,,,,,,,,,,,,,,,,,,,,,,,,,,,,,,,,,,,,,,,,,,,,,,,,,,,,,,,,,,,,,,,,,,,,,,,,,,,,,,,,,,,,,,,,,,,,,,,,,,,,,,,,,,
60,MINIMUM MARGIN,How many MP of SP have victory margin less than five thousand votes in 2019 election?,0,,,,,,,,,,,,,,,,,,,,,,,,,,,,,,,,,,,,,,,,,,,,,,,,,,,,,,,,,,,,,,,,,,,,,,,,,,,,,,,,,,,,,,,,,,,,,,,,,,,,,,,,,,,,,,,,,,,,,,,,,,,,,,,,,
61,MINIMUM MARGIN,How many MP of BJP have victory margin less than five thousand votes in 2014 election?,3,,,,,,,,,,,,,,,,,,,,,,,,,,,,,,,,,,,,,,,,,,,,,,,,,,,,,,,,,,,,,,,,,,,,,,,,,,,,,,,,,,,,,,,,,,,,,,,,,,,,,,,,,,,,,,,,,,,,,,,,,,,,,,,,,
62,MINIMUM MARGIN,How many MP of Congress have victory margin less than five thousand votes in 2014 election?,4,,,,,,,,,,,,,,,,,,,,,,,,,,,,,,,,,,,,,,,,,,,,,,,,,,,,,,,,,,,,,,,,,,,,,,,,,,,,,,,,,,,,,,,,,,,,,,,,,,,,,,,,,,,,,,,,,,,,,,,,,,,,,,,,,
63,MINIMUM MARGIN,How many MP of BSP have victory margin less than five thousand votes in 2014election?,0,,,,,,,,,,,,,,,,,,,,,,,,,,,,,,,,,,,,,,,,,,,,,,,,,,,,,,,,,,,,,,,,,,,,,,,,,,,,,,,,,,,,,,,,,,,,,,,,,,,,,,,,,,,,,,,,,,,,,,,,,,,,,,,,,
64,MINIMUM MARGIN,How many MP of SP have victory margin less than five thousand votes in 2014 election?,0,,,,,,,,,,,,,,,,,,,,,,,,,,,,,,,,,,,,,,,,,,,,,,,,,,,,,,,,,,,,,,,,,,,,,,,,,,,,,,,,,,,,,,,,,,,,,,,,,,,,,,,,,,,,,,,,,,,,,,,,,,,,,,,,,
65,MAXIMUM CANDIDATES IN A CONSTITUENCY,Which constituency recorded the largest number of candidates in 2019?,NIZAMABAD constituency recorded the largest number of candidates in 2019 with 186 candidates.,,,,,,,,,,,,,,,,,,,,,,,,,,,,,,,,,,,,,,,,,,,,,,,,,,,,,,,,,,,,,,,,,,,,,,,,,,,,,,,,,,,,,,,,,,,,,,,,,,,,,,,,,,,,,,,,,,,,,,,,,,,,,,,,,
66,MAXIMUM CANDIDATES IN A CONSTITUENCY,How many candidates were recorded in 2019 election?,7906 candidates were recorded in the 2019 election.,,,,,,,,,,,,,,,,,,,,,,,,,,,,,,,,,,,,,,,,,,,,,,,,,,,,,,,,,,,,,,,,,,,,,,,,,,,,,,,,,,,,,,,,,,,,,,,,,,,,,,,,,,,,,,,,,,,,,,,,,,,,,,,,,
67,MAXIMUM CANDIDATES IN A CONSTITUENCY,Which constituency recorded the largest number of candidates in 2014?,BEED,,,,,,,,,,,,,,,,,,,,,,,,,,,,,,,,,,,,,,,,,,,,,,,,,,,,,,,,,,,,,,,,,,,,,,,,,,,,,,,,,,,,,,,,,,,,,,,,,,,,,,,,,,,,,,,,,,,,,,,,,,,,,,,,,
68,MAXIMUM CANDIDATES IN A CONSTITUENCY,How many candidates were recorded in 2014 election?,8843,,,,,,,,,,,,,,,,,,,,,,,,,,,,,,,,,,,,,,,,,,,,,,,,,,,,,,,,,,,,,,,,,,,,,,,,,,,,,,,,,,,,,,,,,,,,,,,,,,,,,,,,,,,,,,,,,,,,,,,,,,,,,,,,,
69,MAXIMUM CANDIDATES IN A CONSTITUENCY,The margin of victory recorded in the constituency with largest candidates- 2019 ,465271,,,,,,,,,,,,,,,,,,,,,,,,,,,,,,,,,,,,,,,,,,,,,,,,,,,,,,,,,,,,,,,,,,,,,,,,,,,,,,,,,,,,,,,,,,,,,,,,,,,,,,,,,,,,,,,,,,,,,,,,,,,,,,,,,
70,MAXIMUM CANDIDATES IN A CONSTITUENCY,Correlation between Number of electors and number of candidates [Large number of electors means large number of candidates],There is a positive correlation between the number of electors and the number of candidates. The states with the largest number of electors have a larger number of candidates.,,,,,,,,,,,,,,,,,,,,,,,,,,,,,,,,,,,,,,,,,,,,,,,,,,,,,,,,,,,,,,,,,,,,,,,,,,,,,,,,,,,,,,,,,,,,,,,,,,,,,,,,,,,,,,,,,,,,,,,,,,,,,,,,,
71,MAXIMUM CANDIDATES IN A CONSTITUENCY,What has been the maximum number of candidates in a single constituency in election history? Which constituency?,The maximum number of candidates in a single constituency in election history is 649. The constituency with the maximum number of candidates is Belgaum.,,,,,,,,,,,,,,,,,,,,,,,,,,,,,,,,,,,,,,,,,,,,,,,,,,,,,,,,,,,,,,,,,,,,,,,,,,,,,,,,,,,,,,,,,,,,,,,,,,,,,,,,,,,,,,,,,,,,,,,,,,,,,,,,,
72,MAXIMUM CANDIDATES IN A CONSTITUENCY,What is the Voter-turnut in constituencies with the largest number of candidates?,"The voter turnout in constituencies with the largest number of candidates are as follows: 1. BELGAUM: 42.82%, 2. NALGONDA: 33.17%, 3. NEW DELHI: 31.17%, 5. CHANDNI CHOWK: 33.22%",,,,,,,,,,,,,,,,,,,,,,,,,,,,,,,,,,,,,,,,,,,,,,,,,,,,,,,,,,,,,,,,,,,,,,,,,,,,,,,,,,,,,,,,,,,,,,,,,,,,,,,,,,,,,,,,,,,,,,,,,,,,,,,,,
,,,,,,,,,,,,,,,,,,,,,,,,,,,,,,,,,,,,,,,,,,,,,,,,,,,,,,,,,,,,,,,,,,,,,,,,,,,,,,,,,,,,,,,,,,,,,,,,,,,,,,,,,,,,,,,,,,,,,,,,,,,,,,,,,,,,
2. NALGONDA: 33.17%,,,,,,,,,,,,,,,,,,,,,,,,,,,,,,,,,,,,,,,,,,,,,,,,,,,,,,,,,,,,,,,,,,,,,,,,,,,,,,,,,,,,,,,,,,,,,,,,,,,,,,,,,,,,,,,,,,,,,,,,,,,,,,,,,,,,
3. NEW DELHI: 31.17%,,,,,,,,,,,,,,,,,,,,,,,,,,,,,,,,,,,,,,,,,,,,,,,,,,,,,,,,,,,,,,,,,,,,,,,,,,,,,,,,,,,,,,,,,,,,,,,,,,,,,,,,,,,,,,,,,,,,,,,,,,,,,,,,,,,,
4. EAST DELHI: 34.14%,,,,,,,,,,,,,,,,,,,,,,,,,,,,,,,,,,,,,,,,,,,,,,,,,,,,,,,,,,,,,,,,,,,,,,,,,,,,,,,,,,,,,,,,,,,,,,,,,,,,,,,,,,,,,,,,,,,,,,,,,,,,,,,,,,,,
5. CHANDNI CHOWK: 33.22%,,,,,,,,,,,,,,,,,,,,,,,,,,,,,,,,,,,,,,,,,,,,,,,,,,,,,,,,,,,,,,,,,,,,,,,,,,,,,,,,,,,,,,,,,,,,,,,,,,,,,,,,,,,,,,,,,,,,,,,,,,,,,,,,,,,,
73,MAXIMUM CANDIDATES IN A CONSTITUENCY,what is the number of candidates who lost their deposits in the constituency with max candidates in the 2019 election,461,,,,,,,,,,,,,,,,,,,,,,,,,,,,,,,,,,,,,,,,,,,,,,,,,,,,,,,,,,,,,,,,,,,,,,,,,,,,,,,,,,,,,,,,,,,,,,,,,,,,,,,,,,,,,,,,,,,,,,,,,,,,,,,,,
74,MINIMUM CANDIDATES IN THE CONSTITUENCY,Which constituency recorded the minimum number of candidates in 2019?,TURA,,,,,,,,,,,,,,,,,,,,,,,,,,,,,,,,,,,,,,,,,,,,,,,,,,,,,,,,,,,,,,,,,,,,,,,,,,,,,,,,,,,,,,,,,,,,,,,,,,,,,,,,,,,,,,,,,,,,,,,,,,,,,,,,,
75,MINIMUM CANDIDATES IN THE CONSTITUENCY,Which constituency recorded the minimum number of candidates in 2014,TURA,,,,,,,,,,,,,,,,,,,,,,,,,,,,,,,,,,,,,,,,,,,,,,,,,,,,,,,,,,,,,,,,,,,,,,,,,,,,,,,,,,,,,,,,,,,,,,,,,,,,,,,,,,,,,,,,,,,,,,,,,,,,,,,,,
76,MINIMUM CANDIDATES IN THE CONSTITUENCY,what is the victory margin recorded in the constituency with minimum candidates -2019? ,The victory margin recorded in the constituency with the minimum candidates in 2019 is 64030.,,,,,,,,,,,,,,,,,,,,,,,,,,,,,,,,,,,,,,,,,,,,,,,,,,,,,,,,,,,,,,,,,,,,,,,,,,,,,,,,,,,,,,,,,,,,,,,,,,,,,,,,,,,,,,,,,,,,,,,,,,,,,,,,,
77,MINIMUM CANDIDATES IN THE CONSTITUENCY,Correlation between Number of electors and number of candidates [Minimum number of electors means large number of candidates],The correlation between the number of electors and the number of candidates is as follows:,,,,,,,,,,,,,,,,,,,,,,,,,,,,,,,,,,,,,,,,,,,,,,,,,,,,,,,,,,,,,,,,,,,,,,,,,,,,,,,,,,,,,,,,,,,,,,,,,,,,,,,,,,,,,,,,,,,,,,,,,,,,,,,,,
78,MINIMUM CANDIDATES IN THE CONSTITUENCY,What has been the minimum number of candidates in a single constituency in election history? Which constituency?,The minimum number of candidates in a single constituency in election history is 1. The constituency with the minimum number of candidates is BEHRAMPUR.,,,,,,,,,,,,,,,,,,,,,,,,,,,,,,,,,,,,,,,,,,,,,,,,,,,,,,,,,,,,,,,,,,,,,,,,,,,,,,,,,,,,,,,,,,,,,,,,,,,,,,,,,,,,,,,,,,,,,,,,,,,,,,,,,
79,MINIMUM CANDIDATES IN THE CONSTITUENCY,what is voter-turnout in constituencies with the minimum number of candidates?,Voter-turnout in constituencies with the minimum number of candidates is 0.0%. The constituencies with the minimum number of candidates are KANNAUJ, AMBALA, BEHRAMPUR, SRINAGAR, and SIKKIM.,,,,,,,,,,,,,,,,,,,,,,,,,,,,,,,,,,,,,,,,,,,,,,,,,,,,,,,,,,,,,,,,,,,,,,,,,,,,,,,,,,,,,,,,,,,,,,,,,,,,,,,,,,,,,,,,,,,,,,,,,,,,,
80,MINIMUM CANDIDATES IN THE CONSTITUENCY,what is the number of candidates who lost their deposits in the constituency with min candidates in the 2019 election?,2,,,,,,,,,,,,,,,,,,,,,,,,,,,,,,,,,,,,,,,,,,,,,,,,,,,,,,,,,,,,,,,,,,,,,,,,,,,,,,,,,,,,,,,,,,,,,,,,,,,,,,,,,,,,,,,,,,,,,,,,,,,,,,,,,
81,NUMBER OF CANDIDATES FIELDED BY PROMINENT PARTIES IN ELECTIONS,How many candidates fielded by the BJP in 2019 election?,437,,,,,,,,,,,,,,,,,,,,,,,,,,,,,,,,,,,,,,,,,,,,,,,,,,,,,,,,,,,,,,,,,,,,,,,,,,,,,,,,,,,,,,,,,,,,,,,,,,,,,,,,,,,,,,,,,,,,,,,,,,,,,,,,,
82,NUMBER OF CANDIDATES FIELDED BY PROMINENT PARTIES IN ELECTIONS,How many candidates fielded by the SP in 2019 election?,49 candidates were fielded by the SP in the 2019 election.,,,,,,,,,,,,,,,,,,,,,,,,,,,,,,,,,,,,,,,,,,,,,,,,,,,,,,,,,,,,,,,,,,,,,,,,,,,,,,,,,,,,,,,,,,,,,,,,,,,,,,,,,,,,,,,,,,,,,,,,,,,,,,,,,
83,NUMBER OF CANDIDATES FIELDED BY PROMINENT PARTIES IN ELECTIONS,How many candidates fielded by the BSP in 2019 election?,383,,,,,,,,,,,,,,,,,,,,,,,,,,,,,,,,,,,,,,,,,,,,,,,,,,,,,,,,,,,,,,,,,,,,,,,,,,,,,,,,,,,,,,,,,,,,,,,,,,,,,,,,,,,,,,,,,,,,,,,,,,,,,,,,,
84,NUMBER OF CANDIDATES FIELDED BY PROMINENT PARTIES IN ELECTIONS,How many candidates fielded by the Congress in 2019 election?,422,,,,,,,,,,,,,,,,,,,,,,,,,,,,,,,,,,,,,,,,,,,,,,,,,,,,,,,,,,,,,,,,,,,,,,,,,,,,,,,,,,,,,,,,,,,,,,,,,,,,,,,,,,,,,,,,,,,,,,,,,,,,,,,,,
85,NUMBER OF CANDIDATES FIELDED BY PROMINENT PARTIES IN ELECTIONS,How many candidates fielded by the TMC in 2019 election?,0,,,,,,,,,,,,,,,,,,,,,,,,,,,,,,,,,,,,,,,,,,,,,,,,,,,,,,,,,,,,,,,,,,,,,,,,,,,,,,,,,,,,,,,,,,,,,,,,,,,,,,,,,,,,,,,,,,,,,,,,,,,,,,,,,
86,NUMBER OF CANDIDATES FIELDED BY PROMINENT PARTIES IN ELECTIONS,How many Independed candidate contested in 2019 election?,3466,,,,,,,,,,,,,,,,,,,,,,,,,,,,,,,,,,,,,,,,,,,,,,,,,,,,,,,,,,,,,,,,,,,,,,,,,,,,,,,,,,,,,,,,,,,,,,,,,,,,,,,,,,,,,,,,,,,,,,,,,,,,,,,,,
87,NUMBER OF CANDIDATES FIELDED BY PROMINENT PARTIES IN ELECTIONS,How many candidates fielded by the BJP in 2014 election?,433,,,,,,,,,,,,,,,,,,,,,,,,,,,,,,,,,,,,,,,,,,,,,,,,,,,,,,,,,,,,,,,,,,,,,,,,,,,,,,,,,,,,,,,,,,,,,,,,,,,,,,,,,,,,,,,,,,,,,,,,,,,,,,,,,
88,NUMBER OF CANDIDATES FIELDED BY PROMINENT PARTIES IN ELECTIONS,How many candidates fielded by the SP in 2014 election?,199,,,,,,,,,,,,,,,,,,,,,,,,,,,,,,,,,,,,,,,,,,,,,,,,,,,,,,,,,,,,,,,,,,,,,,,,,,,,,,,,,,,,,,,,,,,,,,,,,,,,,,,,,,,,,,,,,,,,,,,,,,,,,,,,,
89,NUMBER OF CANDIDATES FIELDED BY PROMINENT PARTIES IN ELECTIONS,How many candidates fielded by the BSP in 2014 election?,504,,,,,,,,,,,,,,,,,,,,,,,,,,,,,,,,,,,,,,,,,,,,,,,,,,,,,,,,,,,,,,,,,,,,,,,,,,,,,,,,,,,,,,,,,,,,,,,,,,,,,,,,,,,,,,,,,,,,,,,,,,,,,,,,,
90,NUMBER OF CANDIDATES FIELDED BY PROMINENT PARTIES IN ELECTIONS,How many candidates fielded by the Congress in 2014 election?,468,,,,,,,,,,,,,,,,,,,,,,,,,,,,,,,,,,,,,,,,,,,,,,,,,,,,,,,,,,,,,,,,,,,,,,,,,,,,,,,,,,,,,,,,,,,,,,,,,,,,,,,,,,,,,,,,,,,,,,,,,,,,,,,,,
91,NUMBER OF CANDIDATES FIELDED BY PROMINENT PARTIES IN ELECTIONS,How many candidates fielded by the TMC in 2014 election?,0 candidates were fielded by the TMC in the 2014 election.,,,,,,,,,,,,,,,,,,,,,,,,,,,,,,,,,,,,,,,,,,,,,,,,,,,,,,,,,,,,,,,,,,,,,,,,,,,,,,,,,,,,,,,,,,,,,,,,,,,,,,,,,,,,,,,,,,,,,,,,,,,,,,,,,
92,NUMBER OF CANDIDATES FIELDED BY PROMINENT PARTIES IN ELECTIONS,How many Independed candidate contested in 2019 election?,3466,,,,,,,,,,,,,,,,,,,,,,,,,,,,,,,,,,,,,,,,,,,,,,,,,,,,,,,,,,,,,,,,,,,,,,,,,,,,,,,,,,,,,,,,,,,,,,,,,,,,,,,,,,,,,,,,,,,,,,,,,,,,,,,,,
93,WOMEN CANDIDATES PERFORMANCE,Which party have highest Women candidate in 2019 election?,The party with the highest number of women candidates in the 2019 election is IND with 226 women candidates.,,,,,,,,,,,,,,,,,,,,,,,,,,,,,,,,,,,,,,,,,,,,,,,,,,,,,,,,,,,,,,,,,,,,,,,,,,,,,,,,,,,,,,,,,,,,,,,,,,,,,,,,,,,,,,,,,,,,,,,,,,,,,,,,,
94,WOMEN CANDIDATES PERFORMANCE,Which party with have highest Women winners in 2019 elections?,BJP,,,,,,,,,,,,,,,,,,,,,,,,,,,,,,,,,,,,,,,,,,,,,,,,,,,,,,,,,,,,,,,,,,,,,,,,,,,,,,,,,,,,,,,,,,,,,,,,,,,,,,,,,,,,,,,,,,,,,,,,,,,,,,,,,
95,WOMEN CANDIDATES PERFORMANCE,What is the total number of Women winners in the 2019 elections?,78,,,,,,,,,,,,,,,,,,,,,,,,,,,,,,,,,,,,,,,,,,,,,,,,,,,,,,,,,,,,,,,,,,,,,,,,,,,,,,,,,,,,,,,,,,,,,,,,,,,,,,,,,,,,,,,,,,,,,,,,,,,,,,,,,
96,WOMEN CANDIDATES PERFORMANCE,Which constituency with highest number of women candidates in 2019 elections?,The constituency with the highest number of women candidates in the 2019 elections is Chandigarh with 9 women candidates.,,,,,,,,,,,,,,,,,,,,,,,,,,,,,,,,,,,,,,,,,,,,,,,,,,,,,,,,,,,,,,,,,,,,,,,,,,,,,,,,,,,,,,,,,,,,,,,,,,,,,,,,,,,,,,,,,,,,,,,,,,,,,,,,,
97,WOMEN CANDIDATES PERFORMANCE,What is the highest victory margin women candidates in 2019 elections?,The highest victory margin for women candidates in the 2019 elections is 589117 votes.,,,,,,,,,,,,,,,,,,,,,,,,,,,,,,,,,,,,,,,,,,,,,,,,,,,,,,,,,,,,,,,,,,,,,,,,,,,,,,,,,,,,,,,,,,,,,,,,,,,,,,,,,,,,,,,,,,,,,,,,,,,,,,,,,
98,WOMEN CANDIDATES PERFORMANCE,Who is the richest candidates among women in 2019 elections?,The richest candidate among women in the 2019 elections is Queen Oja from the BJP party with 18936 votes,,,,,,,,,,,,,,,,,,,,,,,,,,,,,,,,,,,,,,,,,,,,,,,,,,,,,,,,,,,,,,,,,,,,,,,,,,,,,,,,,,,,,,,,,,,,,,,,,,,,,,,,,,,,,,,,,,,,,,,,,,,,,,,,,
99,WOMEN CANDIDATES PERFORMANCE,Who is the poorest candidates among Women in 2019 elections?,The poorest candidate among women in the 2019 elections is SUNITA from the party IND with 112 votes.,,,,,,,,,,,,,,,,,,,,,,,,,,,,,,,,,,,,,,,,,,,,,,,,,,,,,,,,,,,,,,,,,,,,,,,,,,,,,,,,,,,,,,,,,,,,,,,,,,,,,,,,,,,,,,,,,,,,,,,,,,,,,,,,,
100,WOMEN CANDIDATES PERFORMANCE,How many women candidates participate in the 2014 elections?,672 women candidates participated in the 2014 elections.,,,,,,,,,,,,,,,,,,,,,,,,,,,,,,,,,,,,,,,,,,,,,,,,,,,,,,,,,,,,,,,,,,,,,,,,,,,,,,,,,,,,,,,,,,,,,,,,,,,,,,,,,,,,,,,,,,,,,,,,,,,,,,,,,
101,WOMEN CANDIDATES PERFORMANCE,How many women winners in the 2014 elections?,There were 65 women winners in the 2014 elections.,,,,,,,,,,,,,,,,,,,,,,,,,,,,,,,,,,,,,,,,,,,,,,,,,,,,,,,,,,,,,,,,,,,,,,,,,,,,,,,,,,,,,,,,,,,,,,,,,,,,,,,,,,,,,,,,,,,,,,,,,,,,,,,,,
102,WOMEN CANDIDATES PERFORMANCE,Which party have the highest women candidates in 2014 elections?,The party with the highest number of women candidates in the 2014 elections is IND with 208 candidates.,,,,,,,,,,,,,,,,,,,,,,,,,,,,,,,,,,,,,,,,,,,,,,,,,,,,,,,,,,,,,,,,,,,,,,,,,,,,,,,,,,,,,,,,,,,,,,,,,,,,,,,,,,,,,,,,,,,,,,,,,,,,,,,,,
103,WOMEN CANDIDATES PERFORMANCE,Which party have highest women winners in 2014 elections?,BJP,,,,,,,,,,,,,,,,,,,,,,,,,,,,,,,,,,,,,,,,,,,,,,,,,,,,,,,,,,,,,,,,,,,,,,,,,,,,,,,,,,,,,,,,,,,,,,,,,,,,,,,,,,,,,,,,,,,,,,,,,,,,,,,,,
104,WOMEN CANDIDATES PERFORMANCE,Which constituency have the highest number of Women candidates in 2014 elections?,The constituency with the highest number of women candidates in the 2014 elections is Amravati.,,,,,,,,,,,,,,,,,,,,,,,,,,,,,,,,,,,,,,,,,,,,,,,,,,,,,,,,,,,,,,,,,,,,,,,,,,,,,,,,,,,,,,,,,,,,,,,,,,,,,,,,,,,,,,,,,,,,,,,,,,,,,,,,,
105,WOMEN CANDIDATES PERFORMANCE,what is the victory margin women candidates in 2014 elections?,The victory margin for women candidates in the 2014 elections is 167,184,91,398,44,131,35,241,315,784,136,239,59,672,109,84,69,642,174,961,162,708,208,891,175,289,295,488,533,190,65,417,181,643,6,566,50,542,108,46,410,698,104,328,466,901,328,614,106,905,318,68,93,816,186,771,69,719,157,317,320,271,19,395,233,835,146,866,168,606,179,315,161,774,330,743,307,52,235,529,125,675,87,363,352,713,19,907,190,467,187,206,211,878,95,645,63,86,219,79,192,503,87,107,106,964,65,705,173,141,108,384,189,84,346,845,347,883,185,128,98,506,107,331,67,263,329,507, and 696,321
106,WOMEN CANDIDATES PERFORMANCE,Who is the richest candidates among Women in 2014 elections?,The richest candidate among women in the 2014 elections is Munde Pritam from the BJP party with 922416,,,,,,,,,,,,,,,,,,,,,,,,,,,,,,,,,,,,,,,,,,,,,,,,,,,,,,,,,,,,,,,,,,,,,,,,,,,,,,,,,,,,,,,,,,,,,,,,,,,,,,,,,,,,,,,,,,,,,,,,,,,,,,,,,
107,WOMEN CANDIDATES PERFORMANCE,Who is the poorest candidates among Women in 2014 elections?,The poorest candidate among women in the 2014 elections is Rajini Nivetha from the Independent party with 140 votes.,,,,,,,,,,,,,,,,,,,,,,,,,,,,,,,,,,,,,,,,,,,,,,,,,,,,,,,,,,,,,,,,,,,,,,,,,,,,,,,,,,,,,,,,,,,,,,,,,,,,,,,,,,,,,,,,,,,,,,,,,,,,,,,,,
108,WOMEN CANDIDATES PERFORMANCE,Who is the most successful Women candidate in history of UP election?,The most successful women candidate in the history of UP elections is HEMA MALINI from the BJP party with 671293 votes.,293 votes.,,,,,,,,,,,,,,,,,,,,,,,,,,,,,,,,,,,,,,,,,,,,,,,,,,,,,,,,,,,,,,,,,,,,,,,,,,,,,,,,,,,,,,,,,,,,,,,,,,,,,,,,,,,,,,,,,,,,,,,,,,,,,,,,
109,WOMEN CANDIDATES PERFORMANCE,Which UP election recorded the highest successful number of Women candidates?,The Uttar Pradesh election in 2014 recorded the highest successful number of women candidates with a total of 126.,,,,,,,,,,,,,,,,,,,,,,,,,,,,,,,,,,,,,,,,,,,,,,,,,,,,,,,,,,,,,,,,,,,,,,,,,,,,,,,,,,,,,,,,,,,,,,,,,,,,,,,,,,,,,,,,,,,,,,,,,,,,,,,,,
110,MALE TO FEMALE CANDIDATE RATIO,What is the number of Male candidates in 2019 election?,7322,,,,,,,,,,,,,,,,,,,,,,,,,,,,,,,,,,,,,,,,,,,,,,,,,,,,,,,,,,,,,,,,,,,,,,,,,,,,,,,,,,,,,,,,,,,,,,,,,,,,,,,,,,,,,,,,,,,,,,,,,,,,,,,,,
111,MALE TO FEMALE CANDIDATE RATIO,What is the number of Male candidates in 2014 election?,7579,,,,,,,,,,,,,,,,,,,,,,,,,,,,,,,,,,,,,,,,,,,,,,,,,,,,,,,,,,,,,,,,,,,,,,,,,,,,,,,,,,,,,,,,,,,,,,,,,,,,,,,,,,,,,,,,,,,,,,,,,,,,,,,,,
112,MALE TO FEMALE CANDIDATE RATIO,Which constitutes have no female candidate in 2019 elections?,None of the constituencies had no female candidate in the 2019 elections.,,,,,,,,,,,,,,,,,,,,,,,,,,,,,,,,,,,,,,,,,,,,,,,,,,,,,,,,,,,,,,,,,,,,,,,,,,,,,,,,,,,,,,,,,,,,,,,,,,,,,,,,,,,,,,,,,,,,,,,,,,,,,,,,,
113,MALE TO FEMALE CANDIDATE RATIO,Which constituencies had no female candidates in 2014 election?,None,,,,,,,,,,,,,,,,,,,,,,,,,,,,,,,,,,,,,,,,,,,,,,,,,,,,,,,,,,,,,,,,,,,,,,,,,,,,,,,,,,,,,,,,,,,,,,,,,,,,,,,,,,,,,,,,,,,,,,,,,,,,,,,,,
114,VOTER TURNOUT. URBAN/ RURAL,How many number of Urban constituencies in India?,0,,,,,,,,,,,,,,,,,,,,,,,,,,,,,,,,,,,,,,,,,,,,,,,,,,,,,,,,,,,,,,,,,,,,,,,,,,,,,,,,,,,,,,,,,,,,,,,,,,,,,,,,,,,,,,,,,,,,,,,,,,,,,,,,,
115,VOTER TURNOUT. URBAN/ RURAL,How many number of Rural constituencies in India?,0,,,,,,,,,,,,,,,,,,,,,,,,,,,,,,,,,,,,,,,,,,,,,,,,,,,,,,,,,,,,,,,,,,,,,,,,,,,,,,,,,,,,,,,,,,,,,,,,,,,,,,,,,,,,,,,,,,,,,,,,,,,,,,,,,
116,VOTER TURNOUT. URBAN/ RURAL,What is the Number of Rural electorate in 2019?,Total Rural Electorate in 2019 is not available in the database.,,,,,,,,,,,,,,,,,,,,,,,,,,,,,,,,,,,,,,,,,,,,,,,,,,,,,,,,,,,,,,,,,,,,,,,,,,,,,,,,,,,,,,,,,,,,,,,,,,,,,,,,,,,,,,,,,,,,,,,,,,,,,,,,,
117,VOTER TURNOUT. URBAN/ RURAL,What is the Number of Urban electorate in 2019?,Total Urban Electorate in 2019 is None.,,,,,,,,,,,,,,,,,,,,,,,,,,,,,,,,,,,,,,,,,,,,,,,,,,,,,,,,,,,,,,,,,,,,,,,,,,,,,,,,,,,,,,,,,,,,,,,,,,,,,,,,,,,,,,,,,,,,,,,,,,,,,,,,,
118,VOTER TURNOUT. URBAN/ RURAL,What is the Number of Rural electorate in 2014?,Final answer here: The number of rural electorates in 2014 is not available in the database.,,,,,,,,,,,,,,,,,,,,,,,,,,,,,,,,,,,,,,,,,,,,,,,,,,,,,,,,,,,,,,,,,,,,,,,,,,,,,,,,,,,,,,,,,,,,,,,,,,,,,,,,,,,,,,,,,,,,,,,,,,,,,,,,,
119,VOTER TURNOUT. URBAN/ RURAL,What is the Number of Urban electorate in 2014?,Final answer here: The number of urban electorate in 2014 is not available in the database.,,,,,,,,,,,,,,,,,,,,,,,,,,,,,,,,,,,,,,,,,,,,,,,,,,,,,,,,,,,,,,,,,,,,,,,,,,,,,,,,,,,,,,,,,,,,,,,,,,,,,,,,,,,,,,,,,,,,,,,,,,,,,,,,,
120,VOTER TURNOUT. URBAN/ RURAL,What is the Voter turnout from among Rural seats in 2019?,The voter turnout from among Rural seats in 2019 is not available in the database.,,,,,,,,,,,,,,,,,,,,,,,,,,,,,,,,,,,,,,,,,,,,,,,,,,,,,,,,,,,,,,,,,,,,,,,,,,,,,,,,,,,,,,,,,,,,,,,,,,,,,,,,,,,,,,,,,,,,,,,,,,,,,,,,,
121,VOTER TURNOUT. URBAN/ RURAL,What is the Voter turnout from among Urban seats in 2019?,Voter turnout from among Urban seats in 2019 is not available in the database.,,,,,,,,,,,,,,,,,,,,,,,,,,,,,,,,,,,,,,,,,,,,,,,,,,,,,,,,,,,,,,,,,,,,,,,,,,,,,,,,,,,,,,,,,,,,,,,,,,,,,,,,,,,,,,,,,,,,,,,,,,,,,,,,,
122,VOTER TURNOUT. URBAN/ RURAL,What is the Voter turnout from among Rural seats in 2014?,The voter turnout from among Rural seats in 2014 is not available in the database.,,,,,,,,,,,,,,,,,,,,,,,,,,,,,,,,,,,,,,,,,,,,,,,,,,,,,,,,,,,,,,,,,,,,,,,,,,,,,,,,,,,,,,,,,,,,,,,,,,,,,,,,,,,,,,,,,,,,,,,,,,,,,,,,,
123,VOTER TURNOUT. URBAN/ RURAL,What is the Voter turnout from among Urban seats in 2014?,The voter turnout from among Urban seats in 2014 is not available in the database.,,,,,,,,,,,,,,,,,,,,,,,,,,,,,,,,,,,,,,,,,,,,,,,,,,,,,,,,,,,,,,,,,,,,,,,,,,,,,,,,,,,,,,,,,,,,,,,,,,,,,,,,,,,,,,,,,,,,,,,,,,,,,,,,,
124,VOTER TURNOUT. URBAN/ RURAL,What is the Highest voter turnout amongst Urban seats?,There is no data available for the highest voter turnout amongst urban seats.,,,,,,,,,,,,,,,,,,,,,,,,,,,,,,,,,,,,,,,,,,,,,,,,,,,,,,,,,,,,,,,,,,,,,,,,,,,,,,,,,,,,,,,,,,,,,,,,,,,,,,,,,,,,,,,,,,,,,,,,,,,,,,,,,
125,VOTER TURNOUT. URBAN/ RURAL,What is the Highest voter turnout amongst Rural seats?,Highest voter turnout amongst Rural seats is not available in the database.,,,,,,,,,,,,,,,,,,,,,,,,,,,,,,,,,,,,,,,,,,,,,,,,,,,,,,,,,,,,,,,,,,,,,,,,,,,,,,,,,,,,,,,,,,,,,,,,,,,,,,,,,,,,,,,,,,,,,,,,,,,,,,,,,
126,"LOK SABHA ELECTION RESULTS, TALLY IN DIFFERENT ELECTIONS",How many Seats won by BJP in 2019 election?,303,,,,,,,,,,,,,,,,,,,,,,,,,,,,,,,,,,,,,,,,,,,,,,,,,,,,,,,,,,,,,,,,,,,,,,,,,,,,,,,,,,,,,,,,,,,,,,,,,,,,,,,,,,,,,,,,,,,,,,,,,,,,,,,,,
127,"LOK SABHA ELECTION RESULTS, TALLY IN DIFFERENT ELECTIONS",How many Seats won by SP in 2019 election?,5,,,,,,,,,,,,,,,,,,,,,,,,,,,,,,,,,,,,,,,,,,,,,,,,,,,,,,,,,,,,,,,,,,,,,,,,,,,,,,,,,,,,,,,,,,,,,,,,,,,,,,,,,,,,,,,,,,,,,,,,,,,,,,,,,
128,"LOK SABHA ELECTION RESULTS, TALLY IN DIFFERENT ELECTIONS",How many Seats won by BSP in 2019 election?,10,,,,,,,,,,,,,,,,,,,,,,,,,,,,,,,,,,,,,,,,,,,,,,,,,,,,,,,,,,,,,,,,,,,,,,,,,,,,,,,,,,,,,,,,,,,,,,,,,,,,,,,,,,,,,,,,,,,,,,,,,,,,,,,,,
129,"LOK SABHA ELECTION RESULTS, TALLY IN DIFFERENT ELECTIONS",How many Seats won by TMC in 2019 election?,0,,,,,,,,,,,,,,,,,,,,,,,,,,,,,,,,,,,,,,,,,,,,,,,,,,,,,,,,,,,,,,,,,,,,,,,,,,,,,,,,,,,,,,,,,,,,,,,,,,,,,,,,,,,,,,,,,,,,,,,,,,,,,,,,,
130,"LOK SABHA ELECTION RESULTS, TALLY IN DIFFERENT ELECTIONS",How many Seats won by IND in 2019 election?,4,,,,,,,,,,,,,,,,,,,,,,,,,,,,,,,,,,,,,,,,,,,,,,,,,,,,,,,,,,,,,,,,,,,,,,,,,,,,,,,,,,,,,,,,,,,,,,,,,,,,,,,,,,,,,,,,,,,,,,,,,,,,,,,,,
131,"LOK SABHA ELECTION RESULTS, TALLY IN DIFFERENT ELECTIONS",How many Seats won by INC in 2019 election?,52,,,,,,,,,,,,,,,,,,,,,,,,,,,,,,,,,,,,,,,,,,,,,,,,,,,,,,,,,,,,,,,,,,,,,,,,,,,,,,,,,,,,,,,,,,,,,,,,,,,,,,,,,,,,,,,,,,,,,,,,,,,,,,,,,
132,"LOK SABHA ELECTION RESULTS, TALLY IN DIFFERENT ELECTIONS",How many Seats won by BJP in 2014 election ?,284,,,,,,,,,,,,,,,,,,,,,,,,,,,,,,,,,,,,,,,,,,,,,,,,,,,,,,,,,,,,,,,,,,,,,,,,,,,,,,,,,,,,,,,,,,,,,,,,,,,,,,,,,,,,,,,,,,,,,,,,,,,,,,,,,
133,"LOK SABHA ELECTION RESULTS, TALLY IN DIFFERENT ELECTIONS",How many Seats won by SP in 2014 election?,6,,,,,,,,,,,,,,,,,,,,,,,,,,,,,,,,,,,,,,,,,,,,,,,,,,,,,,,,,,,,,,,,,,,,,,,,,,,,,,,,,,,,,,,,,,,,,,,,,,,,,,,,,,,,,,,,,,,,,,,,,,,,,,,,,
134,"LOK SABHA ELECTION RESULTS, TALLY IN DIFFERENT ELECTIONS",How many Seats won by BSP in 2014 election?,0,,,,,,,,,,,,,,,,,,,,,,,,,,,,,,,,,,,,,,,,,,,,,,,,,,,,,,,,,,,,,,,,,,,,,,,,,,,,,,,,,,,,,,,,,,,,,,,,,,,,,,,,,,,,,,,,,,,,,,,,,,,,,,,,,
135,"LOK SABHA ELECTION RESULTS, TALLY IN DIFFERENT ELECTIONS",How many Seats won by TMC in 2014 election ?,0,,,,,,,,,,,,,,,,,,,,,,,,,,,,,,,,,,,,,,,,,,,,,,,,,,,,,,,,,,,,,,,,,,,,,,,,,,,,,,,,,,,,,,,,,,,,,,,,,,,,,,,,,,,,,,,,,,,,,,,,,,,,,,,,,
136,"LOK SABHA ELECTION RESULTS, TALLY IN DIFFERENT ELECTIONS",How many Seats won by IND in 2014 election?,3,,,,,,,,,,,,,,,,,,,,,,,,,,,,,,,,,,,,,,,,,,,,,,,,,,,,,,,,,,,,,,,,,,,,,,,,,,,,,,,,,,,,,,,,,,,,,,,,,,,,,,,,,,,,,,,,,,,,,,,,,,,,,,,,,
137,"LOK SABHA ELECTION RESULTS, TALLY IN DIFFERENT ELECTIONS",How many Seats won by INC in 2014 election?,44,,,,,,,,,,,,,,,,,,,,,,,,,,,,,,,,,,,,,,,,,,,,,,,,,,,,,,,,,,,,,,,,,,,,,,,,,,,,,,,,,,,,,,,,,,,,,,,,,,,,,,,,,,,,,,,,,,,,,,,,,,,,,,,,,
138,NUMBER OF VOTERS IN DIFFERENT ELECTIONS,What is the Number of voters in 2019 election?,Total Voters in the 2019 election is 14687915903,,,,,,,,,,,,,,,,,,,,,,,,,,,,,,,,,,,,,,,,,,,,,,,,,,,,,,,,,,,,,,,,,,,,,,,,,,,,,,,,,,,,,,,,,,,,,,,,,,,,,,,,,,,,,,,,,,,,,,,,,,,,,,,,,
139,NUMBER OF VOTERS IN DIFFERENT ELECTIONS,What is the Number of voters in 2014 election?,269360,,,,,,,,,,,,,,,,,,,,,,,,,,,,,,,,,,,,,,,,,,,,,,,,,,,,,,,,,,,,,,,,,,,,,,,,,,,,,,,,,,,,,,,,,,,,,,,,,,,,,,,,,,,,,,,,,,,,,,,,,,,,,,,,,
140,NUMBER OF VOTERS IN DIFFERENT ELECTIONS,What constituency had the highest number of voters in 2019?,MALKAJGIRI constituency had the highest number of voters in 2019.,,,,,,,,,,,,,,,,,,,,,,,,,,,,,,,,,,,,,,,,,,,,,,,,,,,,,,,,,,,,,,,,,,,,,,,,,,,,,,,,,,,,,,,,,,,,,,,,,,,,,,,,,,,,,,,,,,,,,,,,,,,,,,,,,
141,NUMBER OF VOTERS IN DIFFERENT ELECTIONS,What constituency had the highest number of voters in 2014?,MALKAJGIRI had the highest number of voters in 2014.,,,,,,,,,,,,,,,,,,,,,,,,,,,,,,,,,,,,,,,,,,,,,,,,,,,,,,,,,,,,,,,,,,,,,,,,,,,,,,,,,,,,,,,,,,,,,,,,,,,,,,,,,,,,,,,,,,,,,,,,,,,,,,,,,
142,NUMBER OF VOTERS IN DIFFERENT ELECTIONS,What constituency had the highest number of voters in 2009?,MALKAJGIRI,,,,,,,,,,,,,,,,,,,,,,,,,,,,,,,,,,,,,,,,,,,,,,,,,,,,,,,,,,,,,,,,,,,,,,,,,,,,,,,,,,,,,,,,,,,,,,,,,,,,,,,,,,,,,,,,,,,,,,,,,,,,,,,,,
143,SC CANDIDATES PERFORMANCE,What is the number of SC candidates in the 2019 elections?,1142,,,,,,,,,,,,,,,,,,,,,,,,,,,,,,,,,,,,,,,,,,,,,,,,,,,,,,,,,,,,,,,,,,,,,,,,,,,,,,,,,,,,,,,,,,,,,,,,,,,,,,,,,,,,,,,,,,,,,,,,,,,,,,,,,
144,SC CANDIDATES PERFORMANCE,Which party have the highest SC candidate in 2019 election?,The party with the highest number of SC candidates in the 2019 election is the Independent party (IND).,,,,,,,,,,,,,,,,,,,,,,,,,,,,,,,,,,,,,,,,,,,,,,,,,,,,,,,,,,,,,,,,,,,,,,,,,,,,,,,,,,,,,,,,,,,,,,,,,,,,,,,,,,,,,,,,,,,,,,,,,,,,,,,,,
145,SC CANDIDATES PERFORMANCE,Which party have the highest SC winners in 2019 elections?,There are no results for the given query.,,,,,,,,,,,,,,,,,,,,,,,,,,,,,,,,,,,,,,,,,,,,,,,,,,,,,,,,,,,,,,,,,,,,,,,,,,,,,,,,,,,,,,,,,,,,,,,,,,,,,,,,,,,,,,,,,,,,,,,,,,,,,,,,,
146,SC CANDIDATES PERFORMANCE,What is the total number of SC winners in the 2019 elections?,0,,,,,,,,,,,,,,,,,,,,,,,,,,,,,,,,,,,,,,,,,,,,,,,,,,,,,,,,,,,,,,,,,,,,,,,,,,,,,,,,,,,,,,,,,,,,,,,,,,,,,,,,,,,,,,,,,,,,,,,,,,,,,,,,,
147,SC CANDIDATES PERFORMANCE,Which Constituency have the highest number of SC candidates in 2019 elections?,The constituency with the highest number of SC candidates in the 2019 elections is TENKASI with 25 SC candidates.,,,,,,,,,,,,,,,,,,,,,,,,,,,,,,,,,,,,,,,,,,,,,,,,,,,,,,,,,,,,,,,,,,,,,,,,,,,,,,,,,,,,,,,,,,,,,,,,,,,,,,,,,,,,,,,,,,,,,,,,,,,,,,,,,
148,SC CANDIDATES PERFORMANCE,What is the Highest victory margin among SC candidates in 2019 elections?,Highest victory margin among SC candidates in 2019 elections is 553897,,,,,,,,,,,,,,,,,,,,,,,,,,,,,,,,,,,,,,,,,,,,,,,,,,,,,,,,,,,,,,,,,,,,,,,,,,,,,,,,,,,,,,,,,,,,,,,,,,,,,,,,,,,,,,,,,,,,,,,,,,,,,,,,,
149,SC CANDIDATES PERFORMANCE,What is the number of male SC candidates in 2019 elections?,1012,,,,,,,,,,,,,,,,,,,,,,,,,,,,,,,,,,,,,,,,,,,,,,,,,,,,,,,,,,,,,,,,,,,,,,,,,,,,,,,,,,,,,,,,,,,,,,,,,,,,,,,,,,,,,,,,,,,,,,,,,,,,,,,,,
150,SC CANDIDATES PERFORMANCE,What is the number of female SC candidates in 2019 elections?,119,,,,,,,,,,,,,,,,,,,,,,,,,,,,,,,,,,,,,,,,,,,,,,,,,,,,,,,,,,,,,,,,,,,,,,,,,,,,,,,,,,,,,,,,,,,,,,,,,,,,,,,,,,,,,,,,,,,,,,,,,,,,,,,,,
151,SC CANDIDATES PERFORMANCE,Who is the Richest candidates among SC in 2019 elections?,NIHAL CHAND from BJP is the richest candidate among SC in the 2019 elections with 897117,,,,,,,,,,,,,,,,,,,,,,,,,,,,,,,,,,,,,,,,,,,,,,,,,,,,,,,,,,,,,,,,,,,,,,,,,,,,,,,,,,,,,,,,,,,,,,,,,,,,,,,,,,,,,,,,,,,,,,,,,,,,,,,,,
152,SC CANDIDATES PERFORMANCE,Who is the Poorest candidates among SC in 2019 elections?,The poorest candidate among SC in the 2019 elections is Jain Wilson from the party IND with 199 votes.,,,,,,,,,,,,,,,,,,,,,,,,,,,,,,,,,,,,,,,,,,,,,,,,,,,,,,,,,,,,,,,,,,,,,,,,,,,,,,,,,,,,,,,,,,,,,,,,,,,,,,,,,,,,,,,,,,,,,,,,,,,,,,,,,
153,SC CANDIDATES PERFORMANCE,What is the number of SC candidates in the 2014 elections?,2099,,,,,,,,,,,,,,,,,,,,,,,,,,,,,,,,,,,,,,,,,,,,,,,,,,,,,,,,,,,,,,,,,,,,,,,,,,,,,,,,,,,,,,,,,,,,,,,,,,,,,,,,,,,,,,,,,,,,,,,,,,,,,,,,,
154,SC CANDIDATES PERFORMANCE,What is the total number of SC winners in the 2014 elections?,0,,,,,,,,,,,,,,,,,,,,,,,,,,,,,,,,,,,,,,,,,,,,,,,,,,,,,,,,,,,,,,,,,,,,,,,,,,,,,,,,,,,,,,,,,,,,,,,,,,,,,,,,,,,,,,,,,,,,,,,,,,,,,,,,,
155,SC CANDIDATES PERFORMANCE,Which Party have  the highest SC candidates in 2014 elections?,The party with the highest number of SC candidates in the 2014 elections is IND with 902 candidates.,,,,,,,,,,,,,,,,,,,,,,,,,,,,,,,,,,,,,,,,,,,,,,,,,,,,,,,,,,,,,,,,,,,,,,,,,,,,,,,,,,,,,,,,,,,,,,,,,,,,,,,,,,,,,,,,,,,,,,,,,,,,,,,,,
156,SC CANDIDATES PERFORMANCE,Which Party have the highest SC winners in 2014 elections,There are no results for the given query.,,,,,,,,,,,,,,,,,,,,,,,,,,,,,,,,,,,,,,,,,,,,,,,,,,,,,,,,,,,,,,,,,,,,,,,,,,,,,,,,,,,,,,,,,,,,,,,,,,,,,,,,,,,,,,,,,,,,,,,,,,,,,,,,,
157,SC CANDIDATES PERFORMANCE,Which constituency have the highest number of SC candidates in 2014 elections?,JALANDHAR constituency had the highest number of SC candidates in the 2014 elections with 24 candidates.,,,,,,,,,,,,,,,,,,,,,,,,,,,,,,,,,,,,,,,,,,,,,,,,,,,,,,,,,,,,,,,,,,,,,,,,,,,,,,,,,,,,,,,,,,,,,,,,,,,,,,,,,,,,,,,,,,,,,,,,,,,,,,,,,
158,SC CANDIDATES PERFORMANCE,What is the highest victory margin among SC candidates in 2014 elections?,"The highest victory margin among SC candidates in the 2014 elections is 421,973 votes.",,,,,,,,,,,,,,,,,,,,,,,,,,,,,,,,,,,,,,,,,,,,,,,,,,,,,,,,,,,,,,,,,,,,,,,,,,,,,,,,,,,,,,,,,,,,,,,,,,,,,,,,,,,,,,,,,,,,,,,,,,,,,,,,,
159,SC CANDIDATES PERFORMANCE,What is the number of male SC candidates in 2014 elections?,1937,,,,,,,,,,,,,,,,,,,,,,,,,,,,,,,,,,,,,,,,,,,,,,,,,,,,,,,,,,,,,,,,,,,,,,,,,,,,,,,,,,,,,,,,,,,,,,,,,,,,,,,,,,,,,,,,,,,,,,,,,,,,,,,,,
160,SC CANDIDATES PERFORMANCE,What is the Number of female SC candidates in 2014 elections?,161,,,,,,,,,,,,,,,,,,,,,,,,,,,,,,,,,,,,,,,,,,,,,,,,,,,,,,,,,,,,,,,,,,,,,,,,,,,,,,,,,,,,,,,,,,,,,,,,,,,,,,,,,,,,,,,,,,,,,,,,,,,,,,,,,
161,SC CANDIDATES PERFORMANCE,What is the Number of male SC winners in 2014 elections?,Number of male SC winners in 2014 elections is 0.,,,,,,,,,,,,,,,,,,,,,,,,,,,,,,,,,,,,,,,,,,,,,,,,,,,,,,,,,,,,,,,,,,,,,,,,,,,,,,,,,,,,,,,,,,,,,,,,,,,,,,,,,,,,,,,,,,,,,,,,,,,,,,,,,
162,SC CANDIDATES PERFORMANCE,What is the Number of female SC winners in 2014 elections?,Number of female SC winners in 2014 elections is 12.,,,,,,,,,,,,,,,,,,,,,,,,,,,,,,,,,,,,,,,,,,,,,,,,,,,,,,,,,,,,,,,,,,,,,,,,,,,,,,,,,,,,,,,,,,,,,,,,,,,,,,,,,,,,,,,,,,,,,,,,,,,,,,,,,
163,SC CANDIDATES PERFORMANCE,Who is the Richest candidates among SC in 2014 elections?,"The richest candidate among SC in the 2014 elections is Aparupa Poddar (Afrin Ali) from the AITC party with 748,764 votes",,,,,,,,,,,,,,,,,,,,,,,,,,,,,,,,,,,,,,,,,,,,,,,,,,,,,,,,,,,,,,,,,,,,,,,,,,,,,,,,,,,,,,,,,,,,,,,,,,,,,,,,,,,,,,,,,,,,,,,,,,,,,,,,,
164,SC CANDIDATES PERFORMANCE,Who is the poorest candidates among SC in 2014 elections?,The poorest candidate among SC in the 2014 elections is S. RAJESHWARI from the party IND with 157 votes.,,,,,,,,,,,,,,,,,,,,,,,,,,,,,,,,,,,,,,,,,,,,,,,,,,,,,,,,,,,,,,,,,,,,,,,,,,,,,,,,,,,,,,,,,,,,,,,,,,,,,,,,,,,,,,,,,,,,,,,,,,,,,,,,,
165,SC CANDIDATES PERFORMANCE,Who is the most successful SC candidate in history of UP elections?,Arun Kumar Sagar from the BJP party is the most successful SC candidate in the history of UP elections with 688990 votes,,,,,,,,,,,,,,,,,,,,,,,,,,,,,,,,,,,,,,,,,,,,,,,,,,,,,,,,,,,,,,,,,,,,,,,,,,,,,,,,,,,,,,,,,,,,,,,,,,,,,,,,,,,,,,,,,,,,,,,,,,,,,,,,,
